{"cameraMode":{"drawMode":0,"name":"Shaded","section":"Shading Mode"},"sceneLighting":false,"audioPlay":false,"sceneViewState":{"m_AlwaysRefresh":false,"showFog":true,"showSkybox":false,"showFlares":true,"showImageEffects":true,"showParticleSystems":true,"showVisualEffectGraphs":true,"m_FxEnabled":true},"in2DMode":false,"pivot":{"x":0.0629044771194458,"y":0.001066252589225769,"z":-0.07668925821781159},"rotation":{"x":-0.21354734897613526,"y":-0.6782433986663818,"z":0.21652089059352876,"w":-0.6689814925193787},"size":0.7166896462440491,"orthographic":true}