{"cameraMode":{"drawMode":0,"name":"Shaded","section":"Shading Mode"},"sceneLighting":true,"audioPlay":false,"sceneViewState":{"m_AlwaysRefresh":false,"showFog":true,"showSkybox":false,"showFlares":true,"showImageEffects":true,"showParticleSystems":true,"showVisualEffectGraphs":true,"m_FxEnabled":true},"in2DMode":false,"pivot":{"x":-0.7580002546310425,"y":-0.1110038161277771,"z":-0.4451136589050293},"rotation":{"x":0.025644725188612939,"y":0.5185213685035706,"z":-0.015558341518044472,"w":0.8545281887054443},"size":0.9081474542617798,"orthographic":true}