{"cameraMode":{"drawMode":0,"name":"Shaded","section":"Shading Mode"},"sceneLighting":true,"audioPlay":false,"sceneViewState":{"m_AlwaysRefresh":false,"showFog":true,"showSkybox":false,"showFlares":true,"showImageEffects":true,"showParticleSystems":true,"showVisualEffectGraphs":true,"m_FxEnabled":true},"in2DMode":false,"pivot":{"x":-1.0644986629486085,"y":0.12388136982917786,"z":0.05021548271179199},"rotation":{"x":-0.05490865930914879,"y":-0.5527363419532776,"z":0.03653359413146973,"w":-0.830739438533783},"size":0.7718362808227539,"orthographic":true}