{"cameraMode":{"drawMode":0,"name":"Shaded","section":"Shading Mode"},"sceneLighting":false,"audioPlay":false,"sceneViewState":{"m_AlwaysRefresh":false,"showFog":true,"showSkybox":false,"showFlares":true,"showImageEffects":true,"showParticleSystems":true,"showVisualEffectGraphs":true,"m_FxEnabled":true},"in2DMode":false,"pivot":{"x":854.8507080078125,"y":512.7263793945313,"z":100.29548645019531},"rotation":{"x":0.11522179841995239,"y":0.019368262961506845,"z":-0.0022472692653536798,"w":0.9931516051292419},"size":187.43557739257813,"orthographic":false}