{"cameraMode":{"drawMode":0,"name":"Shaded","section":"Shading Mode"},"sceneLighting":false,"audioPlay":false,"sceneViewState":{"m_AlwaysRefresh":false,"showFog":true,"showSkybox":false,"showFlares":true,"showImageEffects":true,"showParticleSystems":true,"showVisualEffectGraphs":true,"m_FxEnabled":true},"in2DMode":false,"pivot":{"x":1.1778559684753419,"y":0.041111379861831668,"z":0.5053707957267761},"rotation":{"x":0.038416460156440738,"y":0.7202680706977844,"z":-0.040016233921051028,"w":0.6914805173873901},"size":1.370129108428955,"orthographic":false}