{"cameraMode":{"drawMode":0,"name":"Shaded","section":"Shading Mode"},"sceneLighting":true,"audioPlay":false,"sceneViewState":{"m_AlwaysRefresh":false,"showFog":true,"showSkybox":false,"showFlares":true,"showImageEffects":true,"showParticleSystems":true,"showVisualEffectGraphs":true,"m_FxEnabled":true},"in2DMode":false,"pivot":{"x":0.3115113377571106,"y":-0.18702548742294312,"z":0.2934499979019165},"rotation":{"x":0.02877761609852314,"y":0.4061930775642395,"z":-0.012797413393855095,"w":0.913257896900177},"size":0.8958703875541687,"orthographic":true}