{"cameraMode":{"drawMode":0,"name":"Shaded","section":"Shading Mode"},"sceneLighting":false,"audioPlay":false,"sceneViewState":{"m_AlwaysRefresh":false,"showFog":true,"showSkybox":false,"showFlares":true,"showImageEffects":true,"showParticleSystems":true,"showVisualEffectGraphs":true,"m_FxEnabled":true},"in2DMode":false,"pivot":{"x":0.6710901260375977,"y":0.6010546684265137,"z":-0.07628154754638672},"rotation":{"x":0.06136893108487129,"y":0.36547553539276125,"z":-0.024156488478183748,"w":0.9284829497337341},"size":2.2760071754455568,"orthographic":true}